{
  "project_info": {
    "project_number": "262991504475",
    "project_id": "doraemon-49b34",
    "storage_bucket": "doraemon-49b34.appspot.com"
  },
  "client": [
    {
      "client_info": {
        "mobilesdk_app_id": "1:262991504475:android:b0c1183e546eebeab7cb7e",
        "android_client_info": {
          "package_name": "com.example.doraemon"
        }
      },
      "oauth_client": [],
      "api_key": [
        {
          "current_key": "AIzaSyAU20QlEdIrarhnPdS08IsmekoUsvqLwLE"
        }
      ],
      "services": {
        "appinvite_service": {
          "other_platform_oauth_client": []
        }
      }
    }
  ],
  "configuration_version": "1"
}